{
  "127.0.0.1": {
    "requests": [
      1772533140.3425856,
      1772533140.3545728
    ],
    "blocked_until": 0,
    "attack_count": 2,
    "last_seen": 1772533140.3545728
  }
}